title,date,link,keyword1,keyword2,keyword3,type,summary,details
"A 4.447 mW at 100 MHz and 49.62% Uniqueness XNOR–XOR RO PUF ASIC Using 180-nm CMOS Process for IoT Security Applications","May 07, 2025","https://ieeexplore.ieee.org/document/10988905?fbclid=IwY2xjawKHvzFleHRuA2FlbQIxMABicmlkETEwbjJYUzBhTjM3WVBhdW5sAR7k83jzfwE2QrkPz3DAfnVTfc1kHqVD_KMLvMpwMT04NFw4-RGH7nc6msjMsw_aem_VmdoOqMwdvveSqZ-SEuZgw", Security, Internet of Things, Logic gates, "Journal", "This work presents and evaluates a novel xnor–xor ring oscillator (RO) PUF with a configurable frequency. The design’s performance is analyzed using statistical metrics, including reliability, uniqueness, and uniformity. The xnor–xor RO PUF ASIC demonstrates max reliability of 91.92%, a uniqueness of 49.62%, and a uniformity of 50.19% on silicon.","Physical unclonable functions (PUFs) are increasingly recognized as a key technology for enhancing hardware and the Internet of Things (IoT) security. The IoT devices are often plagued by weak security measures, making them susceptible to various external threats. To address these vulnerabilities, robust and reliable security solutions are critical. This study introduces a highly reliable and low-power PUF application-specific integrated circuit (ASIC) design specifically designed for the IoT security applications. Initially, the proposed design is deployed on a Xilinx ZYNQ 7000 field-programmable gate array (FPGA) board operating at 100 MHz and later designed and fabricated using the Cadence Innovus in the 180-nm CMOS process on silicon. This work presents and evaluates a novel xnor–xor ring oscillator (RO) PUF with a configurable frequency. The design’s performance is analyzed using statistical metrics, including reliability, uniqueness, and uniformity. The xnor–xor RO PUF ASIC demonstrates max reliability of 91.92%, a uniqueness of 49.62%, and a uniformity of 50.19% on silicon."
"A 200 MHz 1.22 fJ/bit/search single-ended content addressable memory cell design in 45-nm CMOS technology","April 28, 2025","https://www.tandfonline.com/eprint/7YQ8B4YVR3S6HX6HH35I/full?target=10.1080%2F00207217.2025.2497002&fbclid=IwY2xjawJ9OtxleHRuA2FlbQIxMABicmlkETEyb0ZqUmVtekxWeHc2RjVKAR7XY8rsajuoSKBNCMbt4y8Qj_ELoxZdBPxIkGM8N_obypsOoSYNOzcBgkVzZQ_aem_4RD6a_vYtLipT0Naos7raQ#abstract","CMOS technology", Single-ended, Energy efficient, "Journal", "Content Addressable Memory (CAM) is normally used in AI systemsas a high-speed lookup table. These AI systems helps in improvingthe automation of smart factories internet of things machinelearning and everything in the industry landscape using an AIsystem making automation a vital aspect of Industry 4.0.","Implemented in 45-nm CMOS technology,the proposed MVT-SSXCAM cell design obtained a 89.58% lowerenergy-delay product than the conventional NOR BCAM and98.12% lower power delay product. Lastly, the performance of theproposed CAM cell belongs to the 55th percentile of the recentlygathered literature of CAM cell designs."
"An External Method of Estimating Lateral Forces for a Da Vinci Xi Surgical Instrument","October 13, 2024","https://ieeexplore.ieee.org/abstract/document/10652440/","Surgical Instruments","Lateral Force","Da Vinci Xi","Conference Paper","This study presents a comprehensive investigation into the development of an external method for estimating lateral forces at the custom trocar clamp of the da Vinci Xi surgical robot arm.","The research focuses on the mechanical, electrical, and software design aspects involved in data collection, detailing the meticulous attention paid to strain gauge placement and the integration of custom strain modules. A detailed analysis of the collected data is conducted, emphasizing the importance of data preprocessing techniques such as alignment, truncation, and smoothing. The study highlights the challenges encountered and the strategies employed to overcome them, leading to the derivation of discrete-time state-space models tailored to voltage-force and strain-force data. The performance of various model forms and identification methods, including N4SID and SSEST, is evaluated, with training fit reaching 95.49% and validation fit at 93.55%, demonstrating high accuracy and generalization capability. The findings underscore the importance of considering feedthrough components in model development, and the study contributes valuable insights into the integration of force sensing technologies into surgical robotics. These advancements pave the way for enhanced surgical precision and safety, ultimately benefiting patients and healthcare providers alike."
"Design and Simulation of Short Circuit Fault Detection in DC Power Supply using Daubechies Wavelet and Convolutional Neural Networks","August 13, 2024","https://ieeexplore.ieee.org/abstract/document/10652523/","CNN","Short Circuit","Direct Current Power","Conference Paper","Power supply systems are an essential component of current infrastructure and must operate reliably.","Short-circuit defects pose a danger to power supply stability and may potentially result in equipment damage and system outages. This research presents a novel approach for predicting and detecting short circuit faults in power supply systems by combining the Daubechies wavelet transform with convolutional neural networks (CNNs). The researcher will make use of MATLAB Simulink and focuses on the design and simulation with short circuit faults introduced at known points of linear power supplies, boost converters, and buck converters. The voltage and current from the simulations were exported and then fed to Python with the use of PyWavelet for mathematical analysis. The researcher will make use of the db4 transform for the Daubechies wavelet. This decomposes the signals into detail coefficients at various scales, which are then converted into 1D vectors to be flattened and used for training with CNN. Based on the data and results, this shows 94.22% accuracy and 94.67% mAP (mean average precision) at 35 epochs. The researchers concluded that this study was feasible and reliable for implementation in real-world scenarios."
"An Ultra-low Power Thermo-Electric Harvester in 45nm CMOS Process","August 23-25, 2021","https://ieeexplore.ieee.org/abstract/document/9550924/","Ring oscillators","Wireless communication","Charge pumps","Conference Paper","An ultra-low power thermoelectric harvester implemented in 45nm CMOS (Complementary Metal Oxide Semiconductor) process is presented in this paper.","With the increasing demand of using low voltage portable devices and wireless systems, energy harvesting has become an attractive approach to overcome the problems correlated with battery life and power source and TEG (Thermoelectric Generator) is the most commonly used among different types of energy scavengers. The input of the system will be coming from a TEG with a minimum input voltage of 100mV and will have an output of 1V (unregulated). The architecture for boosting such extremely low voltages is based on a modified Dickson charge pump using ring oscillator as clock signals. The ring oscillator is designed to operate in the subthreshold region employing a forward body bias design technique."
"A Single-Ended Low Power 16-nm FinFET 6T SRAM Design With PDP Reduction Circuit","October 28, 2021","https://ieeexplore.ieee.org/abstract/document/9592684/","SRAM cells","Built-in self-test","Low-power electronics","Journal","Memory arrays such as SRAM cells are responsible to the high-power consumption of modern digital systems.","This investigation proposed an SRAM utilizing an ultra-low power cell, implemented using the 16-nm FinFET CMOS technology. Voltage supply selection of the static RAM cells is done by gating the wordline (WL) enable. In standby mode, the cell wordline is not activated, where the cell operates on a lower voltage level so that the stored bit status is still retained. On the other hand, the normal mode is activated when the wordline of the cell is enabled. Theoretical derivations, all-PVT-corner post-layout simulations, and measurement results were provided for verification of the functionality and performance. An SRAM of 1-kb capacity is designed based on the propose cell. The on-silicon measurement demonstrates 0.006832 fJ (energy/bit) at 500 MHz clock rate and 0.8 V supply."
"A 40.96-GOPS 196.8-mW Digital Logic Accelerator Used in DNN for Underwater Object Recognition","July 21, 2022","https://ieeexplore.ieee.org/abstract/document/9835025/","Energy efficiency","CNN","Hardware acceleration","Journal","This investigation presents a digital logic accelerator (DLA) design of a neural network hardware that utilizes output reuse.","The DLA is used in the detection mechanism of underwater objects that was deployed in an underwater vehicle. A modified YoloV3-tiny network was also implemented to detect more than 20 underwater objects. The proposed DLA uses processing units that have parallel architectures of output windows, and output channels. Moreover, a new Inter-Controller is designed to control the direct memory access (DMA) together with a new Reshape module to improve the performance and power efficiency. A detailed description of the design as well as the measurements on silicon are presented. The chip is realized using a typical 180-nm CMOS process. It showed a performance result of 40.96 GOPS and the power consumption is 196.8 mW. The DLA was tested to demonstrate 19.88 frames per second and 40.96 GOPS."
"Sub-0.2 pJ/Access Schmitt Trigger Based 1-kb 8T SRAM Implemented Using 40-nm CMOS Process","September 21, 2022","https://ieeexplore.ieee.org/abstract/document/9933116/","Memory management","Random access memory","Schmitt trigger","Conference Paper","This investigation presents a low-power 1-kb SRAM, where memory cells are based on skewed inverter design.","More specifically, Schmitt trigger inverters are utilized in the cell to enhance read, write, and hold capabilities. To minimize power usage, a supply voltage selection circuit is included to the proposed cell, where the supply voltage of the cells is selected in different nodes. The 1-kb SRAM is designed using a typical 40-nm CMOS. The post-layout simulation is presented to verify the low power consumption. The design is operated at 100 MHz clock with an energy per bit simulated to be 5.968 fJ given VDD=0.8 V. The energy/access is simulated to be 0.191 pJ in the same condition."
"A Power Effective DLA for PBs in Opto-Electrical Neural Network Architecture","November 11, 2022","https://ieeexplore.ieee.org/abstract/document/10090303","Deep learning","Energy consumption","CMOS process","Conference Paper","Deep neural networks (DNN) have been widely used in many real-time artificial intelligent (AI) applications because of effective hardware accelerators.","However, most present designs either suffer from high area cost or low hardware usage. This paper presents a design of a digital logic accelerator (DLA) for use in PBs (processing block) of an opto-electrical neural network (OENN). The proposed DLA uses processing elements that detects underflow and overflow. Besides, it also increased the processing time to resolve the timing problems. The details of the design together with post-layout simulations are presented in this paper. The DLA is implemented using a typical 40-nm CMOS process. It showed a performance result of 51.2 GOPS and the power consumption is 91.3 mW at 125 MHz."
"A Smart Building Design using Cyber-Physical System Modeling","January 24, 2023","https://ieeexplore.ieee.org/abstract/document/10080712/","Air conditioning","Wireless sensor networks","Smart buildings","Conference Paper","Due to the demand for IoT technologies, the concept of CPS was explored in this paper.","CPS refers to the coordination and communication of physical processes and computing elements connecting the physical and digital worlds. With the increasing number of smart buildings, the researchers considered the automation control of various facilities in a smart building which are air conditioning, lighting, and surveillance systems for sustainability. With this, the researchers acquired and analyzed the STEER Hub building’s layout diagram as the basis of a smart building design. It was verified and evaluated by an ocular visit, and the total number of existing system devices for air conditioning, lighting, and surveillance was 313. Wireless access points connect these devices to the internet. The network architecture was designed and simulated in Cisco Packet Tracer."
"Design of an Exoskeleton Robot for Lower-Body Rehabilitation","January 24, 2023","https://ieeexplore.ieee.org/abstract/document/10080501/","Legged locomotion","Visualization","Robots","Conference Paper","This paper presents a design of an exoskeleton robot to aid in lower-body rehabilitation of patients who have trouble with walking.","The robot is intended for people who suffered from spinal cord injuries, brain trauma, cerebral palsy, Parkinson’s disease, and stroke. Specifically, a robot for rehabilitation can aid therapists and patients by letting the robot lead the walking pattern of the patient. ErgoFellow, SoliWorks, and MATLAB were the software used to design and simulate the robot. Linear stress analysis was done to determine the response of the parts and assemblies to different types of forces. The stress analysis gave the result of Von Mises stress which helped determine the forces the robot can withstand. Model-based design work flow was done to simulate and visualize the movement of the robot. Through this simulation, the visualization of how the robot will move in a real walking platform was effectively visualized."
"A 210-MHz 4.23 fJ Energy/Bit 1-kb Asymmetrical Schmitt-Trigger-Based SRAM Using 40-nm CMOS Process","June 27, 2023","https://ieeexplore.ieee.org/document/10164648","Transistors","Voltage measurement","Voltage","Journal","This brief introduces a 1-kb SRAM design that operates at low power utilizing asymmetrical Schmitt-trigger based SRAM cells.","By adopting an asymmetrical design, the SRAM cell performance in terms of hold, access, and write capabilities were enhanced. A power reduction and speed compensation circuit is presented in the design. The SRAM is implemented and fabricated on-silicon using a typical 40-nm TSMC CMOS technology. Measurements show that the design can operate up to 210 MHz clock frequency with a 4.23 fJ energy per bit for a supply voltage of 0.8 V. It also has an average delay of 5.659 ns, which is reduced to an average of 1.708 ns when the speed compensation circuit is enabled."
"FPGA-Based Radio Transceiver Using the TV White Space for Disaster Response Operation","August 09, 2023","https://ieeexplore.ieee.org/abstract/document/10225776/","Radio transceivers","Communication systems","Television White Spaces","Conference Paper","In this paper an FPGA-based radio transceiver that operates on a frequency band from unused TV white space - specifically 512 MHz - 518 MHz - is presented.","The investigation was done to introduce an application of TV white space and FPGA hardware in creating a communication system for disaster rescue operations and in hopes of being used as material for further research. The transceiver used an FPGA Arty7-35T board which was programmed using the Verilog HDL. A QPSK scheme of modulation/demodulation was utilized to maximize the performance of the transceiver while considering the resources available from the chosen board. The transceiver was designed using model- based design approach and was implemented on FPGA. Appropriate functionality and performance tests were conducted. These include RTL schematic analysis and Verilog test benches, and evaluation of the bit-error-rate, signal-to- noise ratio, and root mean squared error. Finally, the transceiver's performance was assessed to have a BER of < 1, an RMSE of < 0.1 and an SNR of 24.3 dB."
"Developing an LTE Learning Material: Experiences from a University in a Developing Country","August 09, 2023","https://ieeexplore.ieee.org/abstract/document/10225892/","Learning systems","Laboratory Experiments","4G LTE","Conference Paper","Remote learning has increased, especially in engineering courses that require digital platforms, due to the COVID-19 pandemic.","However, the current curriculum doesn't emphasize telecommunications, making LTE principles difficult for students to understand. To address this issue, researchers developed a 4G LTE learning system using MATLAB LTE Toolbox. MATLAB's Live Scripts, Scripts, and App Designer implement nine lab experiments. A course framework was devised, encompassing essential competencies and laboratory experiments to teach LTE fundamentals. Additionally, a laboratory manual and instructor's guide were provided to support and assess the experiments. The manual's content, layout, and general satisfaction were all factors in the assessments made by both teachers and students."
"Schmitt-Trigger-Based Low Power SRAM Implemented Using 45-nm CMOS Technology","September 06, 2023","https://ieeexplore.ieee.org/abstract/document/10223482/","Temperature measurement","Monte Carlo methods","SRAM","Conference Paper","This paper presents a Schmitt-trigger-based SRAM with a separated read port, which significantly improves read static noise margin (RSNM) and consumes low energy.","Post-layout simulation results show that the proposed design performed better than the conventional 6T SRAM cell. The SNM of the designed cell is 1.16 mV higher than the conventional 6T SRAM cell in write mode, and 232.37 mV and 207.46 mV in read mode 1 and 0, respectively. The impact of the process, voltage, and temperature variations on cell performance parameters such as read, write and hold SNM, power per access, power per bit, delay, and energy per bit was investigated. Aside from this, the DNM of the cell was also measured to determine the noise tolerance of the cell during the write operation. Monte Carlo simulation results verified how robust the proposed cell is. The design was implemented in a 45-nm technology in which the cell occupies 4.53×4.53 µm2 and the system is 568.55×568.55 µm2. This cell consumes only 0.396 fJ, which is lower than the energy per bit consumed on the 6T conventional cell which is 7.265 fJ. All-corner simulation results show that the proposed cell is suitable for low-power applications."
"A High Resolution And Wide Range Temperature Detector Using 180-nm CMOS Process","September 25, 2023","https://ieeexplore.ieee.org/abstract/document/10332257/","Temperature sensors","Temperature distribution","Integrated circuits","Conference Paper","This paper presents a highly linear and high resolution temperature detector implemented using a typical TSMC 180-nm CMOS process.","It is composed of PTAT & CTAT current generator circuits and a current-to-frequency converter. The PTAT current generator is based on a bandgap reference circuit connected to a cascode current mirror, while the CTAT generator is a current mirror driven by a voltage-to-current circuit. Post-layout simulation shows a detection range of –40° ~ 100°C and a 0.5°C resolution. The maximum linearity error is simulated to be 0.406% for the PTAT/CTAT ratio. The power consumption of the design is 15.4 mW at the maximum output frequency = 4.07 MHz, and the area of 0.682 mm2."
"Passiveless Digitally Controlled Oscillator With Embedded PVT Detector Using 40-nm CMOS","October 24, 2023","https://ieeexplore.ieee.org/abstract/document/10396334/","Phase noise","Process control","Voltage control","Conference Paper","This paper presents a design of a digitally controlled oscillator (DCO) with a build-in PVT (process, voltage, temperature) variation sensor using a 40-nm CMOS process.","The DCO is designed using a 128-stage differential ring oscillator wherein the number of stages is being controlled by an input of 7-bit digital code. It is further realized using serpentine style arrangement to minimize variation on wafer. A multiplexed PVT sensor is integrated to provide a way to feedback for output correction using any auto-calibration strategy, e.g., PID control or artificial intelligent control. A linearized model of the DCO is presented based on the results of the post-layout simulations. The DCO has a dynamic range of 9.9 MHz to 527.43 MHz. The DCO is designed to operate at the frequencies –20 °C to 75 °C. The overall chip consumes 0.235 mW from a 0.9 V supply. The overall chip area is 0.67 mm2 with a core area of 0.05 mm2. The all-PVT-corner post-layout simulations show a highly linear fit for the period vs. input code with the worst R2 of 0.992 in the SS corner at 0.99 V supply and 25 °C."
"A 4-kHz per °C High Linearity On-chip Temperature Sensor Implemented Using 40-nm CMOS Process","November 19, 2023","https://ieeexplore.ieee.org/abstract/document/10740073/","Temperature sensors","Operational amplifiers","Power demand","Conference Paper","In this research, a standard TSMC 40-nm CMOS process is used to implement a highly linear and high resolution temperature sensor.","It is composed of an averaging feedback operational amplifier relaxation oscillator controlled by a PTAT current generator. Post-layout simulations show a detection range of 0° ~ 100°C and a 4 kHz per °C resolution. The maximum linearity error is simulated to be 0.15% at the FF corner and 99.85% linear fit. The power consumption of the design is 0.2015 mW at the maximum output frequency = 1.57MHz, and the area of 5291.5μm2."
"A 1-kb Sub-1 fJ/b Per Access CAM Design Using 40-nm CMOS Process","November 19, 2023","https://ieeexplore.ieee.org/abstract/document/10509947/","Associative memory","Circuits and systems","Simulation","Conference Paper","This investigation presents a low-power content addressable memory (CAM) design using 10T single-ended cells.","It uses the single-ended SRAM cell as a memory unit and a single-ended comparison circuit. By adopting this circuit, the proposed CAM cell is the first to have both the read/write and search operation to be in a single-ended mode. An energy reduction by power gating unused column is also presented in this investigation. The proposed CAM is implemented using the typical TSMC 40-nm CMOS logic process. It has an area of 1.4 × 1.4 mm2 with a core of 0.89 mm2. Simulation results show that the energy per bit per search is 0.938 fJ with a search time of 0.47 ns. An FOM comparison based on the search time, energy per bit per search, and supply voltage also showed that the proposed CAM is the best compared to prior designs."
"A 6.25-MHz 3.4-mW Single Clock DPWM Technique Using Matrix Shift Array","February 26, 2024","https://ieeexplore.ieee.org/abstract/document/10445309/","Clocks","Pulse Width","Dead time","Journal","Recent digital pulsewidth modulation (DPWM) researches use multiple clock inputs and long D flip-flop (DFF) arrays, which makes scaling to different DPWM frequencies challenging.","This brief demonstrates a DPWM that utilizes a single clock and a Matrix shift array, allowing it to be scaled to any frequency and reducing the effects of clock skew. It has a clock gating technique that selects a specific row of DFFs based on the required % duty cycle. The DPWM design has a dead time generator to prevent shoot-throughs. The DPWM has been fabricated using UMC 180-nm CMOS process."
"A 54.61-GOPS 96.35-mW Digital Logic Accelerator For Underwater Object Recognition DNN Using 40-nm CMOS Process","April 22, 2024","https://ieeexplore.ieee.org/abstract/document/10595977/","ANN","Parallel Processing","Streaming Media","Conference Paper","CNN (convolution neural network) and DNN (deep neural network) have been widely used in real-time artificial intelligent (AI) applications, particularly image or video recognitions, because they have been proved physically in many occasions.","However, most prior AI hardware works are either suffered from high on-silicon area cost or low usage thereof. This paper presents a power efficient and high performance implementation of a digital logic accelerator (DLA) for the usage of real-time underwater object recognition. The proposed DLA is also featured with 2-dimentional PE (processing element) array to increase the processing throughput by the enhancement of parallelism. The design was realized and fabricated using TSMC 40-nm CMOS process. Not only the post-layout simulation results are shown, the on-silicon measurement outcome is also demonstrated to prove the function correctness and the performance. The area efficiency (GOPS/mm2) is 4.562, and the power efficiency (TOPS/W) is 0.5668 on silicon, which both are the best to date."
"A Highly Reliable XNOR-XOR-RO PUF Design for IoT Security Applications","May 24, 2024","https://ieeexplore.ieee.org/abstract/document/10576561/","Ring Oscillators","Iot Security","Histograms","Conference Paper","PUFs or Physical Unclonable Function is now an emerging trend for hardware and IoT (internet-of-things) security solutions.","IoT solutions always have a poor security features and are vulnerable to external attacks. Hence, a highly reliable security solution is important for their implementation. This work presents a highly reliable physical unclonable function implemented in an FPGA for use in IoT security. The proposed PUF is implemented in Xilinx ZYNQ 7000 FPGA board and operates at 100 MHz. A novel XNX (XNOR-XOR) Ring Oscillator (RO) PUF with configurable frequency is presented in this report. A statistical measure is used to report the experiments done in the design. The proposed design gives a highly reliable output of 99.86%, uniqueness of 49.90%, and a uniformity of 67.30%. The proposed design offered the most reliable design compared to previous works."
"Trends in Technological Areas using Patent Analytics: A Comparative Study on the Time Series Forecasting of International Patent Classification","October 02, 2024","https://ieeexplore.ieee.org/abstract/document/10775190/","Patent","Smoothing Methods","Time Series Analysis","Conference Paper","Intellectual Properties like Patents, Utility Models, Industrial Designs, and Copyrights are considered the drivers of today’s modern knowledge-based economy. The number of registered and granted Intellectual Properties is one key performance indicator of a state in advancing science and technology.","Thus, analyzing the trends is vital as it sets directions for the state. This study aims to analyze the patent trends in the International Patent Classification by incorporating various classical statistical-based techniques and algorithms in time series forecasting. This leads to the generation of insight into the present and future of registered and granted intellectual properties. Autoregression, Seasonal Autoregressive Integrated Moving-Average and Holt Winter’s Exponential Smoothing are the classical time series forecasting algorithms that were compared using three performance indicators, i.e., Root Mean Square Errors, Mean Absolute Errors, and the Coefficient of Determination. It was concluded that the seasonal autoregressive integrated moving average achieved a high performance of several indicators per section. However, it is vital to consider the behaviour of the present data and the appropriate time series forecasting algorithms for forecasting, thus having it on a case-to-case basis."
"Power Supply for Submerged Camera as Applied to Environmental Monitoring","December 16, 2024","https://ieeexplore.ieee.org/abstract/document/10819568/","Thermal Expansion","Power Supply","Ecosystems","Conference Paper","Underwater monitoring technology is crucial for studying aquatic life, particularly in mangrove ecosystems, which are vital to marine biodiversity.","However, these environments present challenges such as limited power supply and frequent manual battery replacements. To address these issues, a renewable energy-powered supply system was developed for a submersible camera tailored for use in mangrove ecosystems. Various energy sources, including solar, wind, and wave energy, were evaluated, with the most suitable option selected based on energy availability and environmental compatibility. The waterproof prototype was designed for durability and ease of maintenance and tested initially in a controlled pool environment, followed by field deployment in the Lobo, Batangas mangrove area in the Philippines. Key performance aspects, including waterproofing, energy efficiency, and maintenance, were assessed. The system used a commercial utility box with silicone sealant to ensure waterproofing, and voltage and current measurements confirmed the reliable energy supply under varied load conditions. Results demonstrate the system’s capability to meet continuous camera energy needs with minimal intervention, offering an effective solution for long-term underwater monitoring in mangrove ecosystems."
"An on-chip temperature sensor with 0.5 °C resolution and 0.34% linearity error using 180-nm CMOS process","January 24, 2025","https://papers.ssrn.com/sol3/Delivery.cfm?abstractid=4967012","High Linearity","CTAT","PTAT", Journal,"This investigation demonstrates an on-chip temperature sensor with a maximum linear error less than 0.4% and 0.5° C resolution.","The design comprises Current-to-Frequency Converters (CFC), complementary (CTAT), and proportional (PTAT) to absolute temperature current generator circuits. Most important of all, the proposed sensor is featured with the ratio of these two currents to enhance the linearity and high resolution. The proposed sensor was realized using a 180-nm CMOS process. The core area is 0.196 mm 2. The measurement results show 0.3484% maximum linearity error for the PTAT/CTAT ratio. The maximum output frequency of the temperature detector is 4.817 MHz, with the highest power consumption of 20.13 mW. It was proved to be used in a–40° C∼ 100° C temperature detection range with 0.5° C resolution."
"A Power-efficient 0.5668 TOPS/W Digital Logic Accelerator Implemented Using 40-nm CMOS Process For Underwater Object Recognition Usage","February 7, 2025","https://ieeexplore.ieee.org/iel8/6287639/6514899/10877824.pdf","Deep Neural Networks (DNN)","Digital Logic Accelerator (DLA)","Object Recognition","Journal","DNN (deep neural network) and CNN (convolution neural network) have been widely used in real-time artificial intelligent (AI) applications, particularly image or video recognitions, because they have been proved physically in many occasions.","However, most prior AI hardware works are either suffered from high on-silicon area cost or low usage thereof. This investigation presents a power efficient and high performance implementation of a digital logic accelerator (DLA) for the underwater real-time underwater object recognition. The proposed DLA is also featured with 2-dimensional PE (processing element) array to increase the processing throughput by the enhancement of parallelism. The DLA design was realized and fabricated using TSMC 40-nm CMOS process."
"A negative voltage generator with 4-stage configurable parallel switching for smart window film applications","July 3, 2023","https://www.tandfonline.com/doi/abs/10.1080/21681724.2023.2224067","Charge Pump","4-phase clocking","HV BCD","Journal","A negative voltage generator was developed that can be used in the drivers of smart window films (SWF), which have typical operating voltages of +8 to +10 V.","It consists of four Negative Charge Pump (NCP) stages and a 4-phase non-overlapping Clock Generator (CG), where the 4 NCP stages are configurable by external digital signals. This generates a wide output voltage range necessary to control different SWF modes, such as opaque, transparent, and tinted modes. TSMC 0.18-μm HV BCD (High-Voltage Bipolar-CMOS-DMOS) process was used to fabricate the proposed negative voltage generator on silicon. Measurement results demonstrate that at switching frequency (fsw) = 20 MHz, supplied voltage (VDD) = 4.5 V and Vin = GND, it generates a wide output voltage range of −3.9 to −14.0 V, achieving the widest voltage range among the prior works, which covers the required negative voltage range for SWF usage. The peak efficiency is measured on silicon to be 58.08% ."
"A pivotal restructuring of modelling the control of COVID-19 during and after massive vaccination for the next few years","April 30, 2021","https://europepmc.org/article/ppr/ppr318920","COVID-19","SARS-CoV-2","Closed loop models","Journal","This paper presents a new mathematical feedback model to demonstrate how direct observations of the epidemiological compartments of population could be mapped to inputs, such that the social spread of the disease is asymptotically subdued.","Details of the stabilization and robustness are included. This is a pivotal restructuring of modelling the control of corona virus from the current models in use world-wide which do not utilize feedback of functions of epidemiological compartments of population to construct the inputs. Although several vaccines have received Emergency Use Authorization (EUA) massive vaccination would take several years to reach herd immunity in most countries. Furthermore, the period of efficacy of the vaccination may be approximately one year only resulting in an unending vaccination. Even during the vaccination, there would be an urgent need to control the spread of the virus. When herd immunity is reached without feedback control and vaccination is discontinued, there could be new surges of the disease. These surges of disease could be prevented in appropriately designed stable feedback models. Moreover, extensive testing, contact tracing, and medical treatment of those found infected, must be maintained."
"A 92.95%-efficiency high-voltage dual-mode buck converter using 0.5-µm HV CMOS process","August 2, 2024","https://www.tandfonline.com/doi/abs/10.1080/00207217.2023.2235720","Buck Converter","HV CMOS","Pulse Frequency Modulation","Journal","This paper presents a highly efficient dual-mode HV (high voltage) buck converter which operates at both light and heavy load currents.","To improve the conversion efficiency at two different load conditions, a dual-mode design composed of pulse width modulation (PWM) and pulse frequency modulation (PFM) were implemented using TSMC 0.5-μm HV CMOS process. The chip area is 2038.05 × 1689.85μm2, while the input voltage ranges from 12 V to 15 V. A 92.95% peak efficiency at a load current of 10 mA was achieved based on on-silicon measurement results."
"A 13.73 ns Input Time Range TDA Design Based on Adjustable Current Sources Using 40-nm CMOS Process","March 22, 2024","https://link.springer.com/article/10.1007/s00034-024-02640-2","","","","Journal","This study presents a time-difference amplifier (TDA) based on adjustable current sources.","The proposed amplifier uses a phase detection circuit, delay element, and current source architecture for time-difference (i.e., delay) amplification. It includes a reset circuit that prevents the capacitors in the current sources from charging and discharging simultaneously. In addition, an adjustable current source control increases the range of input time difference. The TDA design is implemented in TSMC 40-nm technology with 964.24 × 961.81 µm2 overall chip area and 209.42 × 84.76 µm2 core area. The TDA achieves the widest time-difference input range of ± 13,730 ps, less than 4% gain error, the lowest supply voltage, and the highest FOM compared to prior TDAs."
"A single-chip PFM-controlled LED driver with 0.5% illuminance variation","May 1, 2024","https://www.sciencedirect.com/science/article/pii/S002626922400079X","","","","Journal","A high-efficiency LED driver with the pulse frequency modulation (PFM) control method to generate nearly consistent illuminance is demonstrated in this investigation.","The illuminance consistency is achieved by sensing the feedback voltage and the temperature to modulate the on time of power devices such that automatic illuminance regulation is carried out. The recommended LED driver using the PFM control method is featured with an up-and-coming illuminance equalizer. Thus, it does not need any compensation circuit. Utilizing a 0.5-µm High Voltage CMOS process, the prototype has successfully fabricated, occupying 3.2 mm2 of chip area. The measurement outcomes of the chip demonstrate that the current error remains within 1% when the LED output current set at 20 mA. Moreover, the variation in illuminance is exceptionally low, measuring a mere 0.5%. Furthermore, the efficiency reaches 91% verified by the measurement results."
"A metastable RNG using interleaved NAND-and NOR-based TEROs","February 9, 2024","https://www.tandfonline.com/doi/abs/10.1080/21681724.2024.2312551","Long Run Test","Metastable","Transient Effect Ring Oscillator","Journal","This study introduces a novel approach to address the limitations observed in existing random number generator (RNG) designs, focusing on the resolution for insufficiently covered problem statements and study purposes.","In response to these challenges, we propose a high-throughput metastable-based RNG tailored for cryptography applications. Our design is featured with a two-layer transient effect ring oscillator (TERO) architecture, meticulously crafted to mitigate the locking phenomenon and enhance RNG randomness. Leveraging interleaved two-layer TEROs, realised through NAND and NOR SR latches, our RNG achieves unpredictable irregular sampling, crucial for cryptographic applications. To further enhance irregular sampling, the first layer of the RNG employs a multiplexer that selects inputs randomly. This multiplexer is governed by selection signals generated by the second layer of the RNG, ensuring superior randomness. Implemented using TSMC 40-nm CMOS process, our RNG passed the FIPS 140–1 randomness test at a clock frequency of 100 MHz, boasting a remarkable throughput of 50 Mbps. This study represents a significant advancement in RNG technology, addressing previous shortcomings and paving the way for high-speed communication systems’ secure cryptographic applications."
"A 2.71 fJ/conversion-step 10-bit 50 MSPS split-capacitor array SAR ADC for FOG systems","November 2, 2023","https://www.tandfonline.com/doi/abs/10.1080/00207217.2022.2118861","ADC","SAR","Fibre Optic Gyroscope","Journal","This investigation demonstrates a 10-bit SAR-ADC with low power dissipation per conversion step at 50 MS/s sampling rate.","The proposed ADC is featured with the split-capacitance array by using unity-gain amplifiers and designed for fibre optic gyroscope (FOG) systems. The buffers based on the unity-gain amplifiers replace the bridge capacitors of the split-capacitance array in conventional SAR ADCs to resist process variation and enhance linearity of the capacitor-array. Aside from those, improvements in time response, that is, settling time, and capacitor size have also been proved. The design was implemented using a typical 40-nm CMOS process. The INL (integral non-linearity) and the DNL (differential non-linearity) were found to be 0.56 LSB and 0.51 LSB, respectively. The SNDR and SFDR are 51.23 dB and 61.46 dB, respectively, at an input of 12.5 MHz showing ENOB to be 9.79 bits at a sampling rate of 50 MS/s."
"Spatial Multiplexing and Hybrid Beamforming Design For 5G Wireless System","August 01, 2023","https://d1wqtxts1xzle7.cloudfront.net/109087703/IJCDS140135-libre.pdf?1702774420=&response-content-disposition=inline%3B+filename%3DSpatial_Multiplexing_and_Hybrid_Beamform.pdf&Expires=1740018401&Signature=YXS9ZQiXfaMhP12XaU22p84CSydm~SPstGeQKiyyn~TvOQ6r4c3uuzZlu7AtyFnOWZKezGGUohG0FruRj~jyl5tPvuWPpKAL0TDOV7i50VfYRRoaM4mYXXFUI8eqjv-xYVXoSlFyhc8VNv5eV5vv2mKkyPiClTp45csQjkC4qPUo16PlxiZqQddotYLCUji7ajTm9WDbxmEGmLFiqtEhCFRovV6Slur0HAxhr3euRdNc8pH6AIiGnYhhgx2xwEE7nFqCE9boyb-biAfOngCxM0PThZm8lWcT6IW1M8LuCBYFX-9HqOp1FfuhxHwol2BPT2LUaScs004jqUX4yXssIw__&Key-Pair-Id=APKAJLOHF5GGSLRBV4ZA","5G","MIMO","Spatial Multiplexing","Journal","The current 5G network needs to achieve a considerably larger link capacity and ultra-low latency to enhance mobile broadband and support emerging mobile applications and massive IoT.","Thus, implementing MIMO-OFDM Spatial Multiplexing and Hybrid Beamforming techniques helped increase the information capacity using multiple transmit and receive antennas. At the same time, these can improve the Signal to Noise Ratio (SNR), reducing the interference that leads to lower latency. The whole system comprises four models, namely the antenna array, channel model, spatial multiplexing, and hybrid beamforming. They were designed and simulated using the MATLAB software, and each output produced in the previous model is being utilized in simulating the next one following a parallel design process. An antenna array was first modeled and was used for the subsequent channel model process. The outputs from these two are then used to simulate spatial multiplexing and hybrid beamforming. The results of each model were discussed and analyzed concluding that both transmission techniques are efficient tools for achieving the goals of the emerging 5G mobile technology. It provides a solution to the current difficulties being encountered by the 4G technology."
"Single-chip DC–DC buck converter design based on PWM with high-efficiency in light load","July 03,2023","https://www.tandfonline.com/doi/abs/10.1080/21681724.2022.2068661","DC-DC Converter","Buck Converter","PWM","Journal","This research illustrates a DC–DC buck converter with a pulse width modulation (PWM) feedback control loop and capable of power supply voltage range from VDD to 2.5× VDD, which is equivalent to 5–14 V.","It is a single chip with area of 1.379 × 0.813 mm2 using 0.5 µm HV CMOS process, where high voltage (HV) MOSFETs, a Dead-time detector, a PWM feedback loop, a control circuit and HV driving transistors are included. The main feature of our design is its capability of shutting off an optimal number of power MOSFETs during light load operation, resulting in a very high conversion efficiency. Most important of all, the optimal solution is analytically proved. The light load efficiency is raised from 31.71% by traditional methods to 67.94% by the proposed design."
"A 2xVDD digital output buffer with gate driving stability and non-overlapping signaling control for slew-rate auto-adjustment using 16-nm FinFET CMOS process","May 1, 2023","https://www.sciencedirect.com/science/article/abs/pii/S0167926023000299","","","","Journal","This paper presents a 2 × VDD mixed-voltage digital output buffer where its slew rate (SR) is automatically adjusted based on PVT (process, voltage, and temperature) detection.","The developed buffer is the first to be fabricated using TSMC 16-nm CMOS Logic FinFET Compact (Shrink) LL ELK Cu 1P13 M process. Since slew rate is one of the major required parameters in many interfacing protocols, it is really hard to meet if the mixed-voltage output buffer is needed in FinFET processes. The major reason is the low VDD in these advanced processes. However, our buffer's SR is improved by implementing low threshold voltage (Vth) type of device for always-on driving transistors in the Output Stage, thereby increasing the output current. Moreover, since FinFET devices were used in the buffer, the stability of the gate drives of the said driving transistors must be ensured so that noise interference will be avoided. Lastly, the buffer's Timing Shifters used non-overlapping signaling control directly implemented at the transistor level to eliminate the errors caused by delay variations. Based on silicon measurement results, at a load capacitance of 20 pF, the said circuit can be operated at a maximum data rate of 250 MHz for both supply voltages of 0.8 and 1.6 V (namely external VDD or VDDIO), respectively. When the SR auto-adjustment is activated, the SR improvement is at least 49.2% and 37.5% for 0.8 and 1.6 V, respectively."
"A 1.0 fJ energy/bit single‐ended 1 kb 6T SRAM implemented using 40 nm CMOS process","January 10, 2023","https://ietresearch.onlinelibrary.wiley.com/doi/abs/10.1049/cds2.12141","","","","Journal","An ultra-low-energy SRAM composed of single-ended cells is demonstrated on silicon in this investigation.","More specifically, the supply voltages of cells are gated by wordline (WL) enable, and the voltage mode select (VMS) signals select one of the corresponding supply voltages. A lower voltage is selected to maintain stored bit state when cells are not accessed, lowering the standby power. And when selecting a cell (i.e. WL is enabled) to perform the read or write (R/W) operations, the normal supply voltage is used. A 1-kb SRAM prototype based on the single-ended cells with built-in self-test (BIST) and power-delay production (PDP) reduction circuits was realised on silicon using 40-nm CMOS technology. Theoretical derivations and simulations of all-PVT-corner variations are also disclosed to justify low energy performance. Physical measurements of six prototypes on silicon shows that the energy per bit is 1.0 fJ at the 10 MHz system clock."
"A 16-nm FinFET 28.8-mW 800-MHz 8-Bit All-N-Transistor Logic Carry Look-Ahead Adder","November 03, 2022","https://link.springer.com/article/10.1007/s00034-022-02212-2","","","","Journal","Low-power and high-speed calculation is very important nowadays for energy-efficient demand of electronic devices.","With the usage of ANT (All-N-transistor) logic, the speed constraint caused by PMOS transistors can be overcome through an auxiliary current path across NMOS transistors. This study presents a 800-MHz 28.8-mW 8-bit carry look-ahead adder (CLA) using ANT logic implemented on chip. FinFET technology is utilized to improve carrier mobility and increase device speed. R-C parasitic capacitance in FinFET devices is considered in the analysis of the delay time for the 8-bit CLA to improve PDP (power-delay product). The proposed design is implemented in 16-nm FinFET process with core area of 206.403 × 152.506μm2. It has the lowest normalized PDP at 60 pF load by far."
"BatStateU Integrated Response Drone (BIRD): A Hybrid Unmanned Vehicle for Disaster Response","August 06, 2022","https://pdfs.semanticscholar.org/11bc/adab44ddcf2460ab08a1dde54e19c463f10b.pdf","Hexacopter Drone","BIRD","Unmanned Surface Vehicle","Journal","Drones, or Unmanned Aerial Vehicles (UAVs), are already being utilized to help people in need worldwide.","In this report, the authors designed an unmanned vehicle composed of a flight mechanism & power supply, frame, and different payloads for different missions. These also include the design of different landing gears that are mechanically replaceable depending on the mission. This method allowed the drone to move in multi-mission or other environments (ground, air, and surface water) in normal conditions by changing its landing gears. A mapper payload that performs image stitching is also presented. The drone has an average flight time of 15 minutes, 4 kg. weight and can support payload weighing 5 kg., it was tested to operate at a maximum altitude of 100 m. It can communicate through a remote controller via radio frequency signals. It can land and take off in ground and surface water and maneuver in different environments; air, ground (flat area), and surface water, depending on the attached payload. The tests were conducted in remote and actual environments given the three different landing gears, and the results show that the drone is ready for a real mission. Future payloads such as a medical kit and detachable communications links are considered for the next phase."
"Design of a control architecture for an underwater remotely operated vehicle (ROV) used for search and rescue operations","July 29, 2022","https://dml.cz/dmlcz/150466","Control","Underwater ROV","Kinematics","Journal","A control system architecture design for an underwater ROV, primarily Class I - Pure Observation underwater ROV is presented in this paper.","A non-linear plant model was designed using SolidWorks 3D modeling tool and is imported to MATLAB as a 3D model. The non-linear modeled plant is linearized using the MATLAB linear analysis toolbox to have a linear approximate model of the system. The authors designed controllers for the linear plant model of underwater ROV. PID controllers are utilized as a controller of the modeled plant. The PID tuning tools by MATLAB are utilized to tune the controller of the plant model of underwater ROV. The researchers test the control design of underwater ROV using MATLAB Simulink by analyzing the response of the system and troubleshoot the control design to achieve the objective parameters for the control design of underwater ROV."
"An adaptive constant current and voltage mode P&O-based Maximum Power Point Tracking controller IC using 0.5-μm HV CMOS","October 20, 2021","https://www.sciencedirect.com/science/article/pii/S0026269221002809","","","","Journal","Photovoltaic (PV) energy harvesting has been widely used in the application of energy storage for battery charging.","The more solar energy effectively harvested by the harvesting circuit, the more efficient charging will take place. Many papers used different MPPT methods that enhance PV harvesting that require ADC and MCU which is costly and also requires a long period of tracking. A high-voltage energy harvesting circuit with adaptive constant current (ACC), constant voltage (CV), and maximum power tracking (MPPT) control for 20V/ 5 W solar panels is proposed to carry out the constant current charging (CC) and constant voltage (CV) charging modes of lithium-ion batteries when the solar panel’s maximum power point changes. Pulse width modulation (PWM) and pulse frequency modulation (PFM) are implemented under different light intensity conditions to improve the efficiency. The ACC mode controlled by perturb-and-observe (PBO) MPPT algorithm improved the efficiency during insufficient light source or low battery power. When the battery is fully charged, the over-charging damage is prevented to the lithium-ion battery when CV mode is activated. TSMC 0.5-μm UHV process is used to fabricate the energy harvesting circuit. For the photocurrent range of 0.1 A to 0.3 A, this design achieved a peak efficiency of 98%."
"A Quasi-Z-source DC-DC converter operating at 50 kHz Switching Frequency","June 19, 2025","https://ieeexplore.ieee.org/abstract/document/11135722","","","","Journal","Fuel cells, particularly in high-voltage applications, benefit from DC-DC converters that deliver higher output voltage and lower input current ripple to enhance efficiency, prolong lifespan, and improve reliability.","Fuel cells, particularly in high-voltage applications, benefit from DC-DC converters that deliver higher output voltage and lower input current ripple to enhance efficiency, prolong lifespan, and improve reliability. This investigation presents a quasi-Z source DC-DC voltage regulator with a new voltage doubling unit. The voltage regulator implements a new current-controlled source (CCS) voltage doubling structure. The voltage doubling structure combines CCS clamping capacitors and voltage doubling circuit units through magnetic coupling, making the voltage regulator to have stronger voltage regulation capability and reduced switching voltage stress of components in the circuit. This paper presents the operation of the quasi-Z source DC-DC converter with CCS voltage doubling structure, deriving the circuit boost ratio, and use MATLAB/Simulink to implement a simulation circuit, then obtains simulation results, and verifies the performance and functionality of the proposed converter."
